{
    "credits": 20000950,
    "total_7yas": 670.8746518843577,
    "max_7yas_supply": 2000000000,
    "exchange_rate": 50.00000167718694
}